{
	"groups":[
	{
		"keys":"bgImage,b1,b2,f1,f2,level,f3,f4,bullets,bullet_png",
		"name":"preload"
	}],
	"resources":[
	{
		"name":"bgImage",
		"type":"image",
		"url":"assets/bg.png"
	},
	{
		"name":"b1",
		"type":"image",
		"url":"assets/b1.png"
	},
	{
		"name":"b2",
		"type":"image",
		"url":"assets/b2.png"
	},
	{
		"name":"f1",
		"type":"image",
		"url":"assets/f1.png"
	},
	{
		"name":"f2",
		"type":"image",
		"url":"assets/f2.png"
	},
	{
		"name":"pause_down_png",
		"type":"image",
		"url":"assets/button/pause_down.png"
	},
	{
		"name":"pause_normal_png",
		"type":"image",
		"url":"assets/button/pause_normal.png"
	},
	{
		"name":"play_down_png",
		"type":"image",
		"url":"assets/button/play_down.png"
	},
	{
		"name":"play_normal_png",
		"type":"image",
		"url":"assets/button/play_normal.png"
	},
	{
		"name":"background2_png",
		"type":"image",
		"url":"assets/background2.png"
	},
	{
		"name":"yl0_png",
		"scale9grid":"11,11,567,7",
		"type":"image",
		"url":"assets/progressbar/yl0.png"
	},
	{
		"name":"yl02_png",
		"scale9grid":"7,5,552,6",
		"type":"image",
		"url":"assets/progressbar/yl02.png"
	},
	{
		"name":"f4",
		"type":"image",
		"url":"assets/f4.png"
	},
	{
		"name":"f3",
		"type":"image",
		"url":"assets/f3.png"
	},
	{
		"name":"level",
		"type":"image",
		"url":"assets/level1.png"
	},
	{
		"name":"bullets",
		"type":"image",
		"url":"assets/bullets.png"
	},
	{
		"name":"bullet_png",
		"type":"image",
		"url":"assets/bullet.png"
	}]
}